Nombre,Apellidos,Promedio

Elena,Ortega,3.1333333333333333

Laura,Núñez,4.866666666666667

Manuel,Díaz,4.533333333333333

Isabel,García,3.733333333333333

Patricia,Martínez,4.133333333333334

Fernando,Castro,3.7999999999999994

Fernando,Vargas,4.8

Fernando,Ramos,4.4

Ana,Álvarez,3.7333333333333334

Carlos,Ramos,3.866666666666667

Laura,Castro,4.6

Carlos,Ramos,4.866666666666667

